step,phase,occupancy,window_agent,interior_agent,raw_supervisor_output,supervisor_reasoning,hvac_mode,window_damper_pct,interior_damper_pct,fan_speed,decision_source,validation_error
1,Lecture 1 Begins (High Density),40,"Window Zone Expert: I recommend a mild cooling action, such as increasing the ventilation rate or slightly lowering the temperature setpoint, to address the occupant's mild cooling demand while maintaining the excellent air purity. This action is supported by the fact that the current temperature is already within a comfortable range, but the occupant is still requesting cooling, and the CO2 level is relatively low, indicating good air quality that can be maintained with a gentle cooling response.","Interior Zone Expert: I recommend that the HVAC system maintain its current settings, as the interior zone is already at a comfortable temperature and has excellent air purity. This is because the current temperature of 23.5 °C and CO2 level of 480.0 ppm are within the optimal ranges for occupant comfort and air quality, and making any changes could potentially disrupt the satisfied occupant demand.","{
  ""hvac_mode"": ""COOL"",
  ""window_damper_pct"": 70,
  ""interior_damper_pct"": 30,
  ""fan_speed"": ""MED"",
  ""reasoning"": ""The window zone requires mild cooling, while the interior zone is satisfied with its current conditions. To balance both demands, the HVAC system will provide a mild cooling action, prioritizing the window zone's request while minimizing the impact on the interior zone by reducing its damper percentage.""
}","The window zone requires mild cooling, while the interior zone is satisfied with its current conditions. To balance both demands, the HVAC system will provide a mild cooling action, prioritizing the window zone's request while minimizing the impact on the interior zone by reducing its damper percentage.",COOL,70,30,MED,llm_validated,
2,Lecture 1 Ongoing,40,"Window Zone Expert: I recommend a mild cooling action, such as increasing the airflow or slightly lowering the temperature, to address the occupant's mild cooling demand and maintain a comfortable thermal condition. This action is also suitable given the current CO2 level of 693.8 ppm, which is relatively high, and introducing more outside air or increasing ventilation can help improve air purity and reduce CO2 concentration.","Interior Zone Expert: I recommend that the HVAC system maintain its current settings, as the interior zone is already at a comfortable temperature and has adequate air purity. This is because the current temperature of 23.58 °C and CO2 level of 895.6 ppm are within acceptable ranges, and the occupants have expressed satisfaction with their thermal and air quality conditions, indicating no need for adjustment.","{
  ""hvac_mode"": ""COOL"",
  ""window_damper_pct"": 70,
  ""interior_damper_pct"": 30,
  ""fan_speed"": ""MED"",
  ""reasoning"": ""The window zone required mild cooling, while the interior zone was satisfied with its current conditions. To balance both demands, the HVAC mode was set to COOL to address the window zone's needs, and the window damper percentage was increased to introduce more outside air and reduce CO2 levels. The interior damper percentage was decreased to minimize the cooling effect on the interior zone, which was already at a comfortable temperature.""
}","The window zone required mild cooling, while the interior zone was satisfied with its current conditions. To balance both demands, the HVAC mode was set to COOL to address the window zone's needs, and the window damper percentage was increased to introduce more outside air and reduce CO2 levels. The interior damper percentage was decreased to minimize the cooling effect on the interior zone, which was already at a comfortable temperature.",COOL,70,30,MED,llm_validated,
3,Mid-Morning Break,5,"Window Zone Expert: I recommend a mild cooling action, such as increasing the ventilation rate or slightly lowering the temperature setpoint, to address the occupant's mild cooling demand while maintaining the current comfortable thermal condition. This action will also help to reduce the CO2 level, which is currently at the higher end of the adequate range, and improve the overall air quality in the window zone.","Interior Zone Expert: I recommend increasing the ventilation rate to improve air quality, as the high CO2 level of 1267.6 ppm indicates that the air is stale and stuffy, which can negatively impact occupant health and productivity. By increasing ventilation, we can reduce the CO2 concentration and improve air purity, even if the thermal condition is currently comfortable, to prioritize the overall well-being and satisfaction of the occupants.","{
  ""hvac_mode"": ""COOL"",
  ""window_damper_pct"": 50,
  ""interior_damper_pct"": 80,
  ""fan_speed"": ""MED"",
  ""reasoning"": ""Balanced the mild cooling demand in the window zone with the need for increased ventilation in the interior zone by prioritizing cooling and moderately increasing airflow, which will help reduce CO2 levels in both zones.""
}","Balanced the mild cooling demand in the window zone with the need for increased ventilation in the interior zone by prioritizing cooling and moderately increasing airflow, which will help reduce CO2 levels in both zones.",COOL,50,80,MED,llm_validated,
4,Lecture 2 Begins (Medium Density),25,"Window Zone Expert: I recommend a mild cooling action, such as increasing the ventilation rate or slightly lowering the temperature setpoint, to address the occupant's mild cooling demand while maintaining the current comfortable thermal condition. This action is supported by the fact that the current temperature is already near optimal, but the occupant is still requesting cooling, and a gentle adjustment can help meet their needs without overcooling or wasting energy.","Interior Zone Expert: I recommend increasing the ventilation rate to introduce more fresh air and reduce the CO2 concentration, which will improve the air purity from ""stuffy"" to a more acceptable level. Although the occupants are requesting mild heating, the current temperature is already comfortable, so the primary focus should be on addressing the poor air quality by increasing ventilation, which can be done without significantly affecting the thermal condition.","{
  ""hvac_mode"": ""COOL"",
  ""window_damper_pct"": 70,
  ""interior_damper_pct"": 30,
  ""fan_speed"": ""MED"",
  ""reasoning"": ""The window zone's mild cooling demand and the interior zone's need for increased ventilation were balanced by setting the HVAC mode to COOL, prioritizing the window zone's temperature request. The interior zone's demand for heating was secondary to its need for ventilation, which is addressed by the medium fan speed. The damper percentages were adjusted to favor the window zone's cooling demand while still allowing some ventilation to the interior zone.""
}","The window zone's mild cooling demand and the interior zone's need for increased ventilation were balanced by setting the HVAC mode to COOL, prioritizing the window zone's temperature request. The interior zone's demand for heating was secondary to its need for ventilation, which is addressed by the medium fan speed. The damper percentages were adjusted to favor the window zone's cooling demand while still allowing some ventilation to the interior zone.",COOL,70,30,MED,llm_validated,
5,Lecture 2 Ongoing,25,"Window Zone Expert: I recommend a mild cooling action, such as increasing the ventilation rate or slightly lowering the temperature setpoint, to address the occupant's mild cooling demand while maintaining the current comfortable thermal condition. This action is supported by the fact that the current temperature of 23.6 °C is already within a comfortable range, but the occupant is still expressing a desire for cooling, and a gentle adjustment can help meet this demand without over-cooling the space.","Interior Zone Expert: I recommend increasing the ventilation rate to introduce more fresh air and reduce the CO2 levels, as the current air purity is stuffy and the CO2 concentration is significantly higher than the typical threshold of 1000 ppm. Additionally, a mild heating demand can be addressed by slightly increasing the supply air temperature, but prioritizing ventilation is crucial to improve the air quality and occupant comfort in the interior zone.","{
  ""hvac_mode"": ""COOL"",
  ""window_damper_pct"": 50,
  ""interior_damper_pct"": 80,
  ""fan_speed"": ""MED"",
  ""reasoning"": ""Balanced the mild cooling demand in the window zone with the need for ventilation in the interior zone by prioritizing cooling and introducing more fresh air, while slightly favoring the interior zone's damper to address its higher CO2 levels and stuffy air.""
}","Balanced the mild cooling demand in the window zone with the need for ventilation in the interior zone by prioritizing cooling and introducing more fresh air, while slightly favoring the interior zone's damper to address its higher CO2 levels and stuffy air.",COOL,50,80,MED,llm_validated,
6,Lunch Break (Vacant),0,"Window Zone Expert: I recommend increasing the ventilation rate to introduce more fresh air and reduce the CO2 levels, which will help alleviate the stuffy condition and improve the air purity. Additionally, providing a mild cooling action, such as a slight decrease in temperature or an increase in air movement, will help satisfy the occupant's mild cooling demand and maintain a comfortable thermal condition.","Interior Zone Expert: I recommend increasing the ventilation rate to introduce more fresh air and reduce the CO2 levels, which will improve the air purity from ""stuffy"" to a more comfortable state. Although there is a mild heating demand, the current temperature is already at a comfortable level, so the primary focus should be on improving air quality through increased ventilation rather than adjusting the heating.","{
  ""hvac_mode"": ""COOL"",
  ""window_damper_pct"": 70,
  ""interior_damper_pct"": 30,
  ""fan_speed"": ""MED"",
  ""reasoning"": ""Both zones require increased ventilation to reduce CO2 levels. The window zone needs mild cooling, while the interior zone has a mild heating demand but is already at a comfortable temperature. To balance these demands, the HVAC mode is set to COOL to address the window zone's cooling need, and the fan speed is set to MED to increase ventilation. The window damper is opened to 70% to introduce more fresh air, while the interior damper is set to 30% to prioritize the window zone's cooling demand and minimize heating in the interior zone.""
}","Both zones require increased ventilation to reduce CO2 levels. The window zone needs mild cooling, while the interior zone has a mild heating demand but is already at a comfortable temperature. To balance these demands, the HVAC mode is set to COOL to address the window zone's cooling need, and the fan speed is set to MED to increase ventilation. The window damper is opened to 70% to introduce more fresh air, while the interior damper is set to 30% to prioritize the window zone's cooling demand and minimize heating in the interior zone.",COOL,70,30,MED,llm_validated,
7,Lecture 3 Begins (Peak Density),45,"Window Zone Expert: I recommend a mild cooling action, such as increasing the ventilation rate or slightly lowering the supply air temperature, to address the occupant's mild cooling demand while maintaining the current comfortable thermal condition. This action will also help to reduce the CO2 level, which is currently at 898.0 ppm, to a more desirable range, thus improving the air purity and overall occupant comfort near the window.","Interior Zone Expert: I recommend increasing the ventilation rate to introduce more fresh air and reduce the CO2 levels, as the current concentration of 1282.1 ppm is significantly higher than the recommended range, causing a stuffy air condition. Although the occupants are requesting mild heating, prioritizing air quality is crucial, and increasing ventilation will not only improve air purity but also help maintain a comfortable thermal condition by introducing air that can be heated to meet the occupants' demand.","{
  ""hvac_mode"": ""COOL"",
  ""window_damper_pct"": 70,
  ""interior_damper_pct"": 30,
  ""fan_speed"": ""MED"",
  ""reasoning"": ""Balanced the mild cooling demand of the window zone with the need to improve air quality in the interior zone by prioritizing ventilation and introducing more fresh air, while slightly favoring the window zone's cooling demand.""
}","Balanced the mild cooling demand of the window zone with the need to improve air quality in the interior zone by prioritizing ventilation and introducing more fresh air, while slightly favoring the window zone's cooling demand.",COOL,70,30,MED,llm_validated,
8,Lecture 3 Ongoing,45,"Window Zone Expert: I recommend increasing the ventilation rate to introduce more fresh air and reduce the CO2 levels, which will help alleviate the stuffy condition and improve the air purity for the occupants near the window. Additionally, a mild cooling action, such as a slight decrease in temperature or an increase in air movement, should be taken to address the occupant's mild cooling demand and maintain a comfortable thermal condition.","Interior Zone Expert: I recommend increasing the ventilation rate to introduce more fresh air and reduce the CO2 concentration. This action is necessary because the current CO2 level of 1661.5 ppm is hazardous, and increasing ventilation will help improve the air purity, even though the temperature is comfortable and there is only a mild heating demand, the priority should be to address the poor air quality.","{
  ""hvac_mode"": ""COOL"",
  ""window_damper_pct"": 80,
  ""interior_damper_pct"": 40,
  ""fan_speed"": ""HIGH"",
  ""reasoning"": ""Both zones require increased ventilation to reduce CO2 levels, with the interior zone having a higher priority due to its hazardous CO2 concentration. The window zone's mild cooling demand is addressed by setting the HVAC mode to COOL, while the interior zone's mild heating demand is secondary to its need for ventilation. The window damper is opened more to introduce fresh air and alleviate the stuffy condition, while the interior damper is adjusted to balance the air distribution and prioritize ventilation.""
}","Both zones require increased ventilation to reduce CO2 levels, with the interior zone having a higher priority due to its hazardous CO2 concentration. The window zone's mild cooling demand is addressed by setting the HVAC mode to COOL, while the interior zone's mild heating demand is secondary to its need for ventilation. The window damper is opened more to introduce fresh air and alleviate the stuffy condition, while the interior damper is adjusted to balance the air distribution and prioritize ventilation.",COOL,80,40,HIGH,llm_validated,
9,Short Recess,10,"Window Zone Expert: I recommend increasing the ventilation rate in the Window Zone to improve the air quality. This is because the current CO2 level of 1025.7 ppm indicates poor air purity, and increasing ventilation will help reduce CO2 levels and alleviate the stuffy condition, despite the thermal condition already being comfortable.","Interior Zone Expert: I recommend increasing the ventilation rate to introduce more fresh air and reduce the CO2 concentration. This action is necessary because the current CO2 level of 1830.7 ppm is hazardous, and increasing ventilation will help improve the air purity, even though the temperature is already comfortable and the occupant demand is only for mild heating, which can be addressed simultaneously without compromising the urgent need for better air quality.","{
  ""hvac_mode"": ""COOL"",
  ""window_damper_pct"": 80,
  ""interior_damper_pct"": 40,
  ""fan_speed"": ""HIGH"",
  ""reasoning"": ""Both zones require improved air quality due to high CO2 levels. The Window Zone's lower temperature and the Interior Zone's higher temperature and CO2 level are balanced by introducing more fresh air and prioritizing ventilation, with a moderate cooling mode to address the overall thermal condition and prevent overheating.""
}","Both zones require improved air quality due to high CO2 levels. The Window Zone's lower temperature and the Interior Zone's higher temperature and CO2 level are balanced by introducing more fresh air and prioritizing ventilation, with a moderate cooling mode to address the overall thermal condition and prevent overheating.",COOL,80,40,HIGH,llm_validated,
10,Lab Session,20,"Window Zone Expert: I recommend that the HVAC system maintain its current settings, as the thermal condition is comfortable and the air purity is adequate, indicating that the current temperature and ventilation rates are meeting the occupant's needs. Maintaining the current settings will allow the occupants to continue experiencing a satisfactory environment, with no need for adjustments to the temperature or ventilation rates at this time.","Interior Zone Expert: I recommend increasing the ventilation rate to introduce more fresh air and reduce the CO2 concentration. This action is necessary because the current CO2 level of 1623.3 ppm is hazardous and needs to be lowered to ensure a healthy indoor air quality, and increasing ventilation will help achieve this while also considering the mild heating demand to maintain the comfortable thermal condition.","{
  ""hvac_mode"": ""OFF"",
  ""window_damper_pct"": 100,
  ""interior_damper_pct"": 0,
  ""fan_speed"": ""HIGH"",
  ""reasoning"": ""The Interior Zone requires increased ventilation to reduce CO2 levels, while the Window Zone is comfortable. To balance both, the HVAC system is turned off to avoid heating or cooling, the window damper is fully opened to introduce fresh air, and the fan speed is set to high to increase ventilation and reduce CO2 levels in the Interior Zone.""
}","The Interior Zone requires increased ventilation to reduce CO2 levels, while the Window Zone is comfortable. To balance both, the HVAC system is turned off to avoid heating or cooling, the window damper is fully opened to introduce fresh air, and the fan speed is set to high to increase ventilation and reduce CO2 levels in the Interior Zone.",OFF,100,0,HIGH,llm_validated,
11,Lab Session Ongoing,20,"Window Zone Expert: I recommend a mild cooling action, such as increasing the ventilation rate or slightly lowering the temperature setpoint, to address the occupant's mild cooling demand while maintaining the current comfortable thermal condition. This action is supported by the fact that the current temperature is within a comfortable range, but the occupant is still requesting cooling, and the CO2 level is slightly elevated, suggesting that increased ventilation could also improve air purity.","Interior Zone Expert: I recommend increasing the ventilation rate to introduce more fresh air and reduce the CO2 concentration. This action is necessary because the current CO2 level of 1855.3 ppm is hazardous, and increasing ventilation will help improve the air purity, even though the thermal condition is comfortable and the occupant demand is for mild heating, which can be addressed simultaneously by adjusting the heating supply in conjunction with the increased ventilation.","{
  ""hvac_mode"": ""COOL"",
  ""window_damper_pct"": 50,
  ""interior_damper_pct"": 80,
  ""fan_speed"": ""MED"",
  ""reasoning"": ""Balanced the mild cooling demand in the window zone with the need for increased ventilation in the interior zone by prioritizing ventilation to address the hazardous CO2 level, while also considering the overall thermal comfort and mildly cooling the space.""
}","Balanced the mild cooling demand in the window zone with the need for increased ventilation in the interior zone by prioritizing ventilation to address the hazardous CO2 level, while also considering the overall thermal comfort and mildly cooling the space.",COOL,50,80,MED,llm_validated,
12,Class Dismissed,0,"Window Zone Expert: I recommend a mild cooling action, such as increasing the ventilation rate or slightly lowering the supply air temperature, to address the occupant's mild cooling demand while maintaining the current comfortable thermal condition. This action will also help to reduce the CO2 level, which is currently at 808.5 ppm, to a more desirable range, thus improving the air purity and overall occupant comfort near the window.","Interior Zone Expert: I recommend increasing the ventilation rate to introduce more fresh air and reduce the CO2 concentration. This action is necessary because the current CO2 level of 1679.8 ppm is hazardous and needs to be lowered to improve the air purity, and increasing ventilation will help achieve this while also considering the mild heating demand, which can be addressed by adjusting the heating supply in conjunction with the increased ventilation.","{
  ""hvac_mode"": ""COOL"",
  ""window_damper_pct"": 50,
  ""interior_damper_pct"": 80,
  ""fan_speed"": ""MED"",
  ""reasoning"": ""Balanced the mild cooling demand in the window zone with the need for ventilation in the interior zone by prioritizing the hazardous CO2 level in the interior zone and using a moderate fan speed to introduce fresh air, while slightly cooling the space to address the window zone's mild cooling demand.""
}","Balanced the mild cooling demand in the window zone with the need for ventilation in the interior zone by prioritizing the hazardous CO2 level in the interior zone and using a moderate fan speed to introduce fresh air, while slightly cooling the space to address the window zone's mild cooling demand.",COOL,50,80,MED,llm_validated,
